{"version":11,"project":{"id":"8bede506-3b96-4036-918d-c10fcedea1d5","title":"Music Village","description":"","thumbnail":"https://builder-api.decentraland.org/v1/projects/8bede506-3b96-4036-918d-c10fcedea1d5/media/thumbnail.png","isPublic":false,"sceneId":"beb61313-721c-4403-8f8a-5172f26e38c6","ethAddress":"0x0432e477df6025ce0c30eced1d635355e73c31aa","layout":{"rows":2,"cols":2},"createdAt":"2024-02-07T12:30:32.468Z","updatedAt":"2024-02-09T23:49:16.439Z","isTemplate":false,"video":null,"templateStatus":null},"scene":{"sdk6":null,"sdk7":{"id":"beb61313-721c-4403-8f8a-5172f26e38c6","composite":{"version":1,"components":[{"name":"composite::root","jsonSchema":{"type":"object","properties":{"src":{"type":"string","serializationType":"utf8-string"},"entities":{"type":"array","items":{"type":"object","properties":{"src":{"type":"integer","serializationType":"entity"},"dest":{"type":"integer","serializationType":"entity"}},"serializationType":"map"},"serializationType":"array"}},"serializationType":"map"},"data":{}},{"name":"core::Transform","jsonSchema":{"type":"object","properties":{"position":{"type":"object","properties":{"x":{"type":"number"},"y":{"type":"number"},"z":{"type":"number"}}},"scale":{"type":"object","properties":{"x":{"type":"number"},"y":{"type":"number"},"z":{"type":"number"}}},"rotation":{"type":"object","properties":{"x":{"type":"number"},"y":{"type":"number"},"z":{"type":"number"},"w":{"type":"number"}}},"parent":{"type":"integer"}},"serializationType":"transform"},"data":{"512":{"json":{"position":{"x":0,"y":0,"z":0},"scale":{"x":1,"y":1,"z":1},"rotation":{"x":0,"y":0,"z":0,"w":1},"parent":0}},"513":{"json":{"position":{"x":0,"y":0,"z":0},"scale":{"x":1,"y":1,"z":1},"rotation":{"x":0,"y":0,"z":0,"w":1},"parent":0}},"515":{"json":{"position":{"x":27.790000915527344,"y":3.0899999141693115,"z":15.350000381469727},"scale":{"x":2.109999895095825,"y":2.109999895095825,"z":2.109999895095825},"rotation":{"x":0.7088402509689331,"y":0.0710640475153923,"z":0.07000532001256943,"w":-0.6982797384262085},"parent":0}},"517":{"json":{"position":{"x":4.66182804107666,"y":1.7272738218307495,"z":23.965503692626953},"scale":{"x":1.4894874095916748,"y":1.4894871711730957,"z":1.489487886428833},"rotation":{"x":-0.30877915024757385,"y":0.22014114260673523,"z":-0.5371526479721069,"w":0.7534323930740356},"parent":0}},"518":{"json":{"position":{"x":0,"y":0,"z":0},"scale":{"x":1,"y":1,"z":1},"rotation":{"x":0,"y":0,"z":0,"w":1},"parent":0}},"522":{"json":{"position":{"x":15.924654960632324,"y":0.8658398985862732,"z":15.7415189743042},"scale":{"x":1.9519774913787842,"y":1.9519751071929932,"z":1.9519774913787842},"rotation":{"x":0.49214184284210205,"y":0.39807260036468506,"z":0.48686227202415466,"w":0.6019133925437927},"parent":0}},"523":{"json":{"position":{"x":0,"y":0,"z":0},"scale":{"x":1,"y":1,"z":1},"rotation":{"x":0,"y":0,"z":0,"w":1},"parent":0}},"524":{"json":{"position":{"x":0,"y":0,"z":0},"scale":{"x":1,"y":1,"z":1},"rotation":{"x":0,"y":0,"z":0,"w":1},"parent":0}},"526":{"json":{"position":{"x":0,"y":0.20000000298023224,"z":0},"scale":{"x":1,"y":1,"z":1},"rotation":{"x":0,"y":0,"z":0,"w":1},"parent":0}}}},{"name":"core-schema::Network-Entity","jsonSchema":{"type":"object","properties":{"networkId":{"type":"integer","serializationType":"int64"},"entityId":{"type":"integer","serializationType":"entity"}},"serializationType":"map"},"data":{"515":{"json":{"networkId":0,"entityId":3334}},"517":{"json":{"networkId":0,"entityId":3335}},"522":{"json":{"networkId":0,"entityId":3334}}}},{"name":"core::Animator","jsonSchema":{"type":"object","properties":{},"serializationType":"protocol-buffer","protocolBuffer":"PBAnimator"},"data":{"512":{"json":{"states":[{"clip":"Scene","playing":false,"weight":1,"speed":1,"loop":false,"shouldReset":false}]}},"515":{"json":{"states":[{"clip":"trigger","playing":false,"weight":1,"speed":1,"loop":false,"shouldReset":false}]}},"517":{"json":{"states":[{"clip":"trigger","playing":false,"weight":1,"speed":1,"loop":false,"shouldReset":false}]}},"522":{"json":{"states":[{"clip":"trigger","playing":false,"weight":1,"speed":1,"loop":false,"shouldReset":false}]}},"523":{"json":{"states":[{"clip":"Scene","playing":false,"weight":1,"speed":1,"loop":false,"shouldReset":false}]}},"524":{"json":{"states":[{"clip":"Scene","playing":false,"weight":1,"speed":1,"loop":false,"shouldReset":false}]}}}},{"name":"core::AudioStream","jsonSchema":{"type":"object","properties":{},"serializationType":"protocol-buffer","protocolBuffer":"PBAudioStream"},"data":{"520":{"json":{"playing":true,"url":""}}}},{"name":"core::GltfContainer","jsonSchema":{"type":"object","properties":{},"serializationType":"protocol-buffer","protocolBuffer":"PBGltfContainer"},"data":{"512":{"json":{"src":"assets/scene/megafono_3.glb","visibleMeshesCollisionMask":2,"invisibleMeshesCollisionMask":1}},"513":{"json":{"src":"assets/scene/mv_erba.glb","visibleMeshesCollisionMask":0,"invisibleMeshesCollisionMask":0}},"515":{"json":{"src":"assets/builder/red_button/red_button.glb","visibleMeshesCollisionMask":1,"invisibleMeshesCollisionMask":2}},"517":{"json":{"src":"assets/builder/red_button/red_button.glb","visibleMeshesCollisionMask":1,"invisibleMeshesCollisionMask":2}},"518":{"json":{"src":"assets/scene/luci.glb","visibleMeshesCollisionMask":1,"invisibleMeshesCollisionMask":2}},"522":{"json":{"src":"assets/builder/red_button/red_button.glb","visibleMeshesCollisionMask":1,"invisibleMeshesCollisionMask":2}},"523":{"json":{"src":"assets/scene/megafono_2.glb","visibleMeshesCollisionMask":2,"invisibleMeshesCollisionMask":1}},"524":{"json":{"src":"assets/scene/megafono_1.glb","visibleMeshesCollisionMask":2,"invisibleMeshesCollisionMask":1}},"526":{"json":{"src":"assets/scene/mv_01_base_3.glb","visibleMeshesCollisionMask":2,"invisibleMeshesCollisionMask":1}}}},{"name":"core::MeshCollider","jsonSchema":{"type":"object","properties":{},"serializationType":"protocol-buffer","protocolBuffer":"PBMeshCollider"},"data":{"520":{"json":{"collisionMask":1,"mesh":{"$case":"box","box":{}}}}}},{"name":"core-schema::Name","jsonSchema":{"type":"object","properties":{"value":{"type":"string","serializationType":"utf8-string"}},"serializationType":"map"},"data":{"512":{"json":{"value":"megafono_3.glb"}},"513":{"json":{"value":"mv_erba.glb"}},"515":{"json":{"value":"Red Button"}},"517":{"json":{"value":"Red Button"}},"518":{"json":{"value":"luci.glb"}},"522":{"json":{"value":"Red Button"}},"523":{"json":{"value":"megafono_2.glb"}},"524":{"json":{"value":"megafono_1.glb"}},"526":{"json":{"value":"mv_01_base_3.glb"}}}},{"name":"core-schema::Sync-Components","jsonSchema":{"type":"object","properties":{"componentIds":{"type":"array","items":{"type":"integer","serializationType":"int64"},"serializationType":"array"}},"serializationType":"map"},"data":{"515":{"json":{"componentIds":[1042,1020]}},"516":{"json":{"componentIds":[1042,1020,2709697014]}},"517":{"json":{"componentIds":[1042,1020]}},"522":{"json":{"componentIds":[1042,1020]}}}},{"name":"core::VisibilityComponent","jsonSchema":{"type":"object","properties":{},"serializationType":"protocol-buffer","protocolBuffer":"PBVisibilityComponent"},"data":{"520":{"json":{"visible":false}}}},{"name":"inspector::Selection","jsonSchema":{"type":"object","properties":{"gizmo":{"type":"integer","serializationType":"int32"}},"serializationType":"map"},"data":{"526":{"json":{"gizmo":0}}}},{"name":"inspector::Scene","jsonSchema":{"type":"object","properties":{"layout":{"type":"object","properties":{"base":{"type":"object","properties":{"x":{"type":"integer","serializationType":"int32"},"y":{"type":"integer","serializationType":"int32"}},"serializationType":"map"},"parcels":{"type":"array","items":{"type":"object","properties":{"x":{"type":"integer","serializationType":"int32"},"y":{"type":"integer","serializationType":"int32"}},"serializationType":"map"},"serializationType":"array"}},"serializationType":"map"}},"serializationType":"map"},"data":{"0":{"json":{"layout":{"parcels":[{"x":0,"y":0},{"x":0,"y":1},{"x":1,"y":0},{"x":1,"y":1}],"base":{"x":0,"y":0}},"name":"Music Village","description":"","thumbnail":"assets/scene/thumbnail.png","categories":[],"author":"","email":"","tags":[],"silenceVoiceChat":false,"disablePortableExperiences":false,"spawnPoints":[]}}}},{"name":"inspector::SceneMetadata","jsonSchema":{"type":"object","properties":{"name":{"type":"string","serializationType":"optional","optionalJsonSchema":{"type":"string","serializationType":"utf8-string"}},"description":{"type":"string","serializationType":"optional","optionalJsonSchema":{"type":"string","serializationType":"utf8-string"}},"thumbnail":{"type":"string","serializationType":"optional","optionalJsonSchema":{"type":"string","serializationType":"utf8-string"}},"ageRating":{"type":"string","serializationType":"optional","optionalJsonSchema":{"type":"string","enum":["T","A"],"default":"T","serializationType":"enum-string","enumObject":{"Teen":"T","Adult":"A"}}},"categories":{"type":"array","serializationType":"optional","optionalJsonSchema":{"type":"array","items":{"type":"string","enum":["art","game","casino","social","music","fashion","crypto","education","shop","business","sports"],"default":"game","serializationType":"enum-string","enumObject":{"ART":"art","GAME":"game","CASINO":"casino","SOCIAL":"social","MUSIC":"music","FASHION":"fashion","CRYPTO":"crypto","EDUCATION":"education","SHOP":"shop","BUSINESS":"business","SPORTS":"sports"}},"serializationType":"array"}},"author":{"type":"string","serializationType":"optional","optionalJsonSchema":{"type":"string","serializationType":"utf8-string"}},"email":{"type":"string","serializationType":"optional","optionalJsonSchema":{"type":"string","serializationType":"utf8-string"}},"tags":{"type":"array","serializationType":"optional","optionalJsonSchema":{"type":"array","items":{"type":"string","serializationType":"utf8-string"},"serializationType":"array"}},"layout":{"type":"object","properties":{"base":{"type":"object","properties":{"x":{"type":"integer","serializationType":"int32"},"y":{"type":"integer","serializationType":"int32"}},"serializationType":"map"},"parcels":{"type":"array","items":{"type":"object","properties":{"x":{"type":"integer","serializationType":"int32"},"y":{"type":"integer","serializationType":"int32"}},"serializationType":"map"},"serializationType":"array"}},"serializationType":"map"},"silenceVoiceChat":{"type":"boolean","serializationType":"optional","optionalJsonSchema":{"type":"boolean","serializationType":"boolean"}},"disablePortableExperiences":{"type":"boolean","serializationType":"optional","optionalJsonSchema":{"type":"boolean","serializationType":"boolean"}},"spawnPoints":{"type":"array","serializationType":"optional","optionalJsonSchema":{"type":"array","items":{"type":"object","properties":{"name":{"type":"string","serializationType":"utf8-string"},"default":{"type":"boolean","serializationType":"optional","optionalJsonSchema":{"type":"boolean","serializationType":"boolean"}},"position":{"type":"object","properties":{"x":{"type":"object","properties":{"single":{"type":"integer","serializationType":"int32"},"range":{"type":"array","items":{"type":"integer","serializationType":"int32"},"serializationType":"array"}},"serializationType":"one-of"},"y":{"type":"object","properties":{"single":{"type":"integer","serializationType":"int32"},"range":{"type":"array","items":{"type":"integer","serializationType":"int32"},"serializationType":"array"}},"serializationType":"one-of"},"z":{"type":"object","properties":{"single":{"type":"integer","serializationType":"int32"},"range":{"type":"array","items":{"type":"integer","serializationType":"int32"},"serializationType":"array"}},"serializationType":"one-of"}},"serializationType":"map"},"cameraTarget":{"type":"object","serializationType":"optional","optionalJsonSchema":{"type":"object","properties":{"x":{"type":"integer","serializationType":"int32"},"y":{"type":"integer","serializationType":"int32"},"z":{"type":"integer","serializationType":"int32"}},"serializationType":"map"}}},"serializationType":"map"},"serializationType":"array"}}},"serializationType":"map"},"data":{"0":{"json":{"name":"Music Village","description":"","thumbnail":"assets/scene/thumbnail.png","categories":[],"author":"","email":"","tags":[],"layout":{"parcels":[{"x":0,"y":0},{"x":0,"y":1},{"x":1,"y":0},{"x":1,"y":1}],"base":{"x":0,"y":0}},"silenceVoiceChat":false,"disablePortableExperiences":false,"spawnPoints":[]}}}},{"name":"inspector::Nodes","jsonSchema":{"type":"object","properties":{"value":{"type":"array","items":{"type":"object","properties":{"entity":{"type":"integer","serializationType":"entity"},"open":{"type":"boolean","serializationType":"optional","optionalJsonSchema":{"type":"boolean","serializationType":"boolean"}},"children":{"type":"array","items":{"type":"integer","serializationType":"entity"},"serializationType":"array"}},"serializationType":"map"},"serializationType":"array"}},"serializationType":"map"},"data":{"0":{"json":{"value":[{"entity":0,"open":true,"children":[513,517,522,523,524,512,515,518,526]},{"entity":513,"children":[]},{"entity":517,"children":[]},{"entity":522,"children":[]},{"entity":523,"children":[]},{"entity":524,"children":[]},{"entity":512,"children":[]},{"entity":515,"children":[]},{"entity":518,"children":[]},{"entity":526,"children":[]}]}}}},{"name":"asset-packs::ActionTypes","jsonSchema":{"type":"object","properties":{"value":{"type":"array","items":{"type":"object","properties":{"type":{"type":"string","serializationType":"utf8-string"},"jsonSchema":{"type":"string","serializationType":"utf8-string"}},"serializationType":"map"},"serializationType":"array"}},"serializationType":"map"},"data":{"0":{"json":{"value":[{"type":"play_animation","jsonSchema":"{\"type\":\"object\",\"properties\":{\"animation\":{\"type\":\"string\",\"serializationType\":\"utf8-string\"},\"loop\":{\"type\":\"boolean\",\"serializationType\":\"optional\",\"optionalJsonSchema\":{\"type\":\"boolean\",\"serializationType\":\"boolean\"}}},\"serializationType\":\"map\"}"},{"type":"stop_animation","jsonSchema":"{\"type\":\"object\",\"properties\":{},\"serializationType\":\"map\"}"},{"type":"set_state","jsonSchema":"{\"type\":\"object\",\"properties\":{\"state\":{\"type\":\"string\",\"serializationType\":\"utf8-string\"}},\"serializationType\":\"map\"}"},{"type":"start_tween","jsonSchema":"{\"type\":\"object\",\"properties\":{\"type\":{\"type\":\"string\",\"enum\":[\"move_item\",\"rotate_item\",\"scale_item\"],\"default\":\"move_item\",\"serializationType\":\"enum-string\",\"enumObject\":{\"MOVE_ITEM\":\"move_item\",\"ROTATE_ITEM\":\"rotate_item\",\"SCALE_ITEM\":\"scale_item\"}},\"end\":{\"type\":\"object\",\"properties\":{\"x\":{\"type\":\"number\"},\"y\":{\"type\":\"number\"},\"z\":{\"type\":\"number\"},\"w\":{\"type\":\"number\"}},\"serializationType\":\"vector3\"},\"interpolationType\":{\"type\":\"string\",\"enum\":[\"linear\",\"easeinquad\",\"easeoutquad\",\"easequad\",\"easeinsine\",\"easeoutsine\",\"easeinoutsine\",\"easeinexpo\",\"easeoutexpo\",\"easeinoutexpo\",\"easeinelastic\",\"easeoutelastic\",\"easeinoutelastic\",\"easeinbounce\",\"easeoutbounce\",\"easeinoutbounce\"],\"default\":\"linear\",\"serializationType\":\"enum-string\",\"enumObject\":{\"LINEAR\":\"linear\",\"EASEINQUAD\":\"easeinquad\",\"EASEOUTQUAD\":\"easeoutquad\",\"EASEQUAD\":\"easequad\",\"EASEINSINE\":\"easeinsine\",\"EASEOUTSINE\":\"easeoutsine\",\"EASESINE\":\"easeinoutsine\",\"EASEINEXPO\":\"easeinexpo\",\"EASEOUTEXPO\":\"easeoutexpo\",\"EASEEXPO\":\"easeinoutexpo\",\"EASEINELASTIC\":\"easeinelastic\",\"EASEOUTELASTIC\":\"easeoutelastic\",\"EASEELASTIC\":\"easeinoutelastic\",\"EASEINBOUNCE\":\"easeinbounce\",\"EASEOUTEBOUNCE\":\"easeoutbounce\",\"EASEBOUNCE\":\"easeinoutbounce\"}},\"duration\":{\"type\":\"number\",\"serializationType\":\"float32\"},\"relative\":{\"type\":\"boolean\",\"serializationType\":\"boolean\"}},\"serializationType\":\"map\"}"},{"type":"set_counter","jsonSchema":"{\"type\":\"object\",\"properties\":{\"counter\":{\"type\":\"integer\",\"serializationType\":\"int32\"}},\"serializationType\":\"map\"}"},{"type":"increment_counter","jsonSchema":"{\"type\":\"object\",\"properties\":{},\"serializationType\":\"map\"}"},{"type":"decrease_counter","jsonSchema":"{\"type\":\"object\",\"properties\":{},\"serializationType\":\"map\"}"},{"type":"play_sound","jsonSchema":"{\"type\":\"object\",\"properties\":{\"src\":{\"type\":\"string\",\"serializationType\":\"utf8-string\"},\"loop\":{\"type\":\"boolean\",\"serializationType\":\"optional\",\"optionalJsonSchema\":{\"type\":\"boolean\",\"serializationType\":\"boolean\"}},\"volume\":{\"type\":\"number\",\"serializationType\":\"optional\",\"optionalJsonSchema\":{\"type\":\"number\",\"serializationType\":\"float32\"}}},\"serializationType\":\"map\"}"},{"type":"stop_sound","jsonSchema":"{\"type\":\"object\",\"properties\":{},\"serializationType\":\"map\"}"},{"type":"set_visibility","jsonSchema":"{\"type\":\"object\",\"properties\":{\"visible\":{\"type\":\"boolean\",\"serializationType\":\"boolean\"},\"physicsCollider\":{\"type\":\"boolean\",\"serializationType\":\"optional\",\"optionalJsonSchema\":{\"type\":\"boolean\",\"serializationType\":\"boolean\"}},\"collider\":{\"type\":\"integer\",\"serializationType\":\"optional\",\"optionalJsonSchema\":{\"type\":\"integer\",\"enum\":[0,1,2,4,8,16,32,64,128,256,512,1024,2048,4096,8192,16384,32768],\"default\":1,\"serializationType\":\"enum-int\",\"enumObject\":{\"0\":\"CL_NONE\",\"1\":\"CL_POINTER\",\"2\":\"CL_PHYSICS\",\"4\":\"CL_RESERVED1\",\"8\":\"CL_RESERVED2\",\"16\":\"CL_RESERVED3\",\"32\":\"CL_RESERVED4\",\"64\":\"CL_RESERVED5\",\"128\":\"CL_RESERVED6\",\"256\":\"CL_CUSTOM1\",\"512\":\"CL_CUSTOM2\",\"1024\":\"CL_CUSTOM3\",\"2048\":\"CL_CUSTOM4\",\"4096\":\"CL_CUSTOM5\",\"8192\":\"CL_CUSTOM6\",\"16384\":\"CL_CUSTOM7\",\"32768\":\"CL_CUSTOM8\",\"CL_NONE\":0,\"CL_POINTER\":1,\"CL_PHYSICS\":2,\"CL_RESERVED1\":4,\"CL_RESERVED2\":8,\"CL_RESERVED3\":16,\"CL_RESERVED4\":32,\"CL_RESERVED5\":64,\"CL_RESERVED6\":128,\"CL_CUSTOM1\":256,\"CL_CUSTOM2\":512,\"CL_CUSTOM3\":1024,\"CL_CUSTOM4\":2048,\"CL_CUSTOM5\":4096,\"CL_CUSTOM6\":8192,\"CL_CUSTOM7\":16384,\"CL_CUSTOM8\":32768}}}},\"serializationType\":\"map\"}"},{"type":"attach_to_player","jsonSchema":"{\"type\":\"object\",\"properties\":{\"anchorPointId\":{\"type\":\"integer\",\"serializationType\":\"int32\"}},\"serializationType\":\"map\"}"},{"type":"detach_from_player","jsonSchema":"{\"type\":\"object\",\"properties\":{},\"serializationType\":\"map\"}"},{"type":"play_video_stream","jsonSchema":"{\"type\":\"object\",\"properties\":{\"src\":{\"type\":\"string\",\"serializationType\":\"optional\",\"optionalJsonSchema\":{\"type\":\"string\",\"serializationType\":\"utf8-string\"}},\"loop\":{\"type\":\"boolean\",\"serializationType\":\"optional\",\"optionalJsonSchema\":{\"type\":\"boolean\",\"serializationType\":\"boolean\"}},\"volume\":{\"type\":\"number\",\"serializationType\":\"optional\",\"optionalJsonSchema\":{\"type\":\"number\",\"serializationType\":\"float32\"}},\"dclCast\":{\"type\":\"boolean\",\"serializationType\":\"optional\",\"optionalJsonSchema\":{\"type\":\"boolean\",\"serializationType\":\"boolean\"}}},\"serializationType\":\"map\"}"},{"type":"stop_video_stream","jsonSchema":"{\"type\":\"object\",\"properties\":{},\"serializationType\":\"map\"}"},{"type":"play_audio_stream","jsonSchema":"{\"type\":\"object\",\"properties\":{\"url\":{\"type\":\"string\",\"serializationType\":\"utf8-string\"},\"volume\":{\"type\":\"number\",\"serializationType\":\"optional\",\"optionalJsonSchema\":{\"type\":\"number\",\"serializationType\":\"float32\"}}},\"serializationType\":\"map\"}"},{"type":"stop_audio_stream","jsonSchema":"{\"type\":\"object\",\"properties\":{},\"serializationType\":\"map\"}"},{"type":"teleport_player","jsonSchema":"{\"type\":\"object\",\"properties\":{\"x\":{\"type\":\"integer\",\"serializationType\":\"int32\"},\"y\":{\"type\":\"integer\",\"serializationType\":\"int32\"}},\"serializationType\":\"map\"}"},{"type":"move_player","jsonSchema":"{\"type\":\"object\",\"properties\":{\"position\":{\"type\":\"object\",\"properties\":{\"x\":{\"type\":\"number\"},\"y\":{\"type\":\"number\"},\"z\":{\"type\":\"number\"},\"w\":{\"type\":\"number\"}},\"serializationType\":\"vector3\"},\"cameraTarget\":{\"type\":\"object\",\"serializationType\":\"optional\",\"optionalJsonSchema\":{\"type\":\"object\",\"properties\":{\"x\":{\"type\":\"number\"},\"y\":{\"type\":\"number\"},\"z\":{\"type\":\"number\"},\"w\":{\"type\":\"number\"}},\"serializationType\":\"vector3\"}}},\"serializationType\":\"map\"}"},{"type":"play_default_emote","jsonSchema":"{\"type\":\"object\",\"properties\":{\"emote\":{\"type\":\"string\",\"serializationType\":\"utf8-string\"}},\"serializationType\":\"map\"}"},{"type":"play_custom_emote","jsonSchema":"{\"type\":\"object\",\"properties\":{\"src\":{\"type\":\"string\",\"serializationType\":\"utf8-string\"},\"loop\":{\"type\":\"boolean\",\"serializationType\":\"optional\",\"optionalJsonSchema\":{\"type\":\"boolean\",\"serializationType\":\"boolean\"}}},\"serializationType\":\"map\"}"},{"type":"open_link","jsonSchema":"{\"type\":\"object\",\"properties\":{\"url\":{\"type\":\"string\",\"serializationType\":\"utf8-string\"}},\"serializationType\":\"map\"}"},{"type":"show_text","jsonSchema":"{\"type\":\"object\",\"properties\":{\"text\":{\"type\":\"string\",\"serializationType\":\"utf8-string\"},\"hideAfterSeconds\":{\"type\":\"number\",\"serializationType\":\"float32\"},\"font\":{\"type\":\"integer\",\"enum\":[0,1,2],\"default\":0,\"serializationType\":\"enum-int\",\"enumObject\":{\"0\":\"F_SANS_SERIF\",\"1\":\"F_SERIF\",\"2\":\"F_MONOSPACE\",\"F_SANS_SERIF\":0,\"F_SERIF\":1,\"F_MONOSPACE\":2}},\"fontSize\":{\"type\":\"number\",\"serializationType\":\"optional\",\"optionalJsonSchema\":{\"type\":\"number\",\"serializationType\":\"float32\"}},\"textAlign\":{\"type\":\"integer\",\"enum\":[0,1,2,3,4,5,6,7,8],\"default\":4,\"serializationType\":\"enum-int\",\"enumObject\":{\"0\":\"TAM_TOP_LEFT\",\"1\":\"TAM_TOP_CENTER\",\"2\":\"TAM_TOP_RIGHT\",\"3\":\"TAM_MIDDLE_LEFT\",\"4\":\"TAM_MIDDLE_CENTER\",\"5\":\"TAM_MIDDLE_RIGHT\",\"6\":\"TAM_BOTTOM_LEFT\",\"7\":\"TAM_BOTTOM_CENTER\",\"8\":\"TAM_BOTTOM_RIGHT\",\"TAM_TOP_LEFT\":0,\"TAM_TOP_CENTER\":1,\"TAM_TOP_RIGHT\":2,\"TAM_MIDDLE_LEFT\":3,\"TAM_MIDDLE_CENTER\":4,\"TAM_MIDDLE_RIGHT\":5,\"TAM_BOTTOM_LEFT\":6,\"TAM_BOTTOM_CENTER\":7,\"TAM_BOTTOM_RIGHT\":8}}},\"serializationType\":\"map\"}"},{"type":"hide_text","jsonSchema":"{\"type\":\"object\",\"properties\":{},\"serializationType\":\"map\"}"},{"type":"start_delay","jsonSchema":"{\"type\":\"object\",\"properties\":{\"actions\":{\"type\":\"array\",\"items\":{\"type\":\"string\",\"serializationType\":\"utf8-string\"},\"serializationType\":\"array\"},\"timeout\":{\"type\":\"number\",\"serializationType\":\"float32\"}},\"serializationType\":\"map\"}"},{"type":"stop_delay","jsonSchema":"{\"type\":\"object\",\"properties\":{\"action\":{\"type\":\"string\",\"serializationType\":\"utf8-string\"}},\"serializationType\":\"map\"}"},{"type":"start_loop","jsonSchema":"{\"type\":\"object\",\"properties\":{\"actions\":{\"type\":\"array\",\"items\":{\"type\":\"string\",\"serializationType\":\"utf8-string\"},\"serializationType\":\"array\"},\"interval\":{\"type\":\"number\",\"serializationType\":\"float32\"}},\"serializationType\":\"map\"}"},{"type":"stop_loop","jsonSchema":"{\"type\":\"object\",\"properties\":{\"action\":{\"type\":\"string\",\"serializationType\":\"utf8-string\"}},\"serializationType\":\"map\"}"},{"type":"clone_entity","jsonSchema":"{\"type\":\"object\",\"properties\":{\"position\":{\"type\":\"object\",\"properties\":{\"x\":{\"type\":\"number\"},\"y\":{\"type\":\"number\"},\"z\":{\"type\":\"number\"},\"w\":{\"type\":\"number\"}},\"serializationType\":\"vector3\"}},\"serializationType\":\"map\"}"},{"type":"remove_entity","jsonSchema":"{\"type\":\"object\",\"properties\":{},\"serializationType\":\"map\"}"},{"type":"show_image","jsonSchema":"{\"type\":\"object\",\"properties\":{\"src\":{\"type\":\"string\",\"serializationType\":\"utf8-string\"},\"align\":{\"type\":\"integer\",\"enum\":[0,1,2,3,4,5,6,7,8],\"default\":4,\"serializationType\":\"enum-int\",\"enumObject\":{\"0\":\"TAM_TOP_LEFT\",\"1\":\"TAM_TOP_CENTER\",\"2\":\"TAM_TOP_RIGHT\",\"3\":\"TAM_MIDDLE_LEFT\",\"4\":\"TAM_MIDDLE_CENTER\",\"5\":\"TAM_MIDDLE_RIGHT\",\"6\":\"TAM_BOTTOM_LEFT\",\"7\":\"TAM_BOTTOM_CENTER\",\"8\":\"TAM_BOTTOM_RIGHT\",\"TAM_TOP_LEFT\":0,\"TAM_TOP_CENTER\":1,\"TAM_TOP_RIGHT\":2,\"TAM_MIDDLE_LEFT\":3,\"TAM_MIDDLE_CENTER\":4,\"TAM_MIDDLE_RIGHT\":5,\"TAM_BOTTOM_LEFT\":6,\"TAM_BOTTOM_CENTER\":7,\"TAM_BOTTOM_RIGHT\":8}},\"height\":{\"type\":\"number\",\"serializationType\":\"float32\"},\"width\":{\"type\":\"number\",\"serializationType\":\"float32\"},\"hideAfterSeconds\":{\"type\":\"number\",\"serializationType\":\"optional\",\"optionalJsonSchema\":{\"type\":\"number\",\"serializationType\":\"float32\"}},\"text\":{\"type\":\"string\",\"serializationType\":\"optional\",\"optionalJsonSchema\":{\"type\":\"string\",\"serializationType\":\"utf8-string\"}},\"fontSize\":{\"type\":\"number\",\"serializationType\":\"optional\",\"optionalJsonSchema\":{\"type\":\"number\",\"serializationType\":\"float32\"}}},\"serializationType\":\"map\"}"},{"type":"hide_image","jsonSchema":"{\"type\":\"object\",\"properties\":{\"imageEntity\":{\"type\":\"integer\",\"serializationType\":\"optional\",\"optionalJsonSchema\":{\"type\":\"integer\",\"serializationType\":\"int32\"}}},\"serializationType\":\"map\"}"}]}}}},{"name":"asset-packs::Actions","jsonSchema":{"type":"object","properties":{"id":{"type":"integer","serializationType":"int32"},"value":{"type":"array","items":{"type":"object","properties":{"name":{"type":"string","serializationType":"utf8-string"},"type":{"type":"string","serializationType":"utf8-string"},"jsonPayload":{"type":"string","serializationType":"utf8-string"}},"serializationType":"map"},"serializationType":"array"}},"serializationType":"map"},"data":{"512":{"json":{"id":17,"value":[{"name":"fono3","type":"play_animation","jsonPayload":"{\"animation\":\"Scene\"}"}]}},"515":{"json":{"id":18,"value":[{"name":"Play Activate Animation","type":"play_animation","jsonPayload":"{ \"animation\": \"trigger\" }"},{"name":"Play Sound","type":"play_sound","jsonPayload":"{\"src\":\"assets/builder/red_button/sound.mp3\"}"},{"name":"musica_3","type":"play_sound","jsonPayload":"{\"src\":\"assets/scene/emotional-inspiring-epic-trailer-11258.mp3\"}"}]}},"517":{"json":{"id":6,"value":[{"name":"Play Activate Animation","type":"play_animation","jsonPayload":"{ \"animation\": \"trigger\" }"},{"name":"Play Sound","type":"play_sound","jsonPayload":"{\"src\":\"assets/builder/red_button/sound.mp3\"}"},{"name":"musica_1","type":"play_sound","jsonPayload":"{\"src\":\"assets/scene/voice-of-nature-20683.mp3\",\"volume\":0.57}"}]}},"522":{"json":{"id":13,"value":[{"name":"Play Activate Animation","type":"play_animation","jsonPayload":"{ \"animation\": \"trigger\" }"},{"name":"Play Sound","type":"play_sound","jsonPayload":"{\"src\":\"assets/builder/red_button/sound.mp3\"}"},{"name":"musica2","type":"play_sound","jsonPayload":"{\"src\":\"assets/scene/inspiring-nature-technology-11488.mp3\",\"volume\":0.55}"}]}},"523":{"json":{"id":15,"value":[{"name":"fono2","type":"play_animation","jsonPayload":"{\"animation\":\"Scene\"}"}]}},"524":{"json":{"id":16,"value":[{"name":"fono1","type":"play_animation","jsonPayload":"{\"animation\":\"Scene\"}"}]}}}},{"name":"asset-packs::Counter","jsonSchema":{"type":"object","properties":{"id":{"type":"number","serializationType":"float32"},"value":{"type":"integer","serializationType":"int32"}},"serializationType":"map"},"data":{"0":{"json":{"id":0,"value":18}}}},{"name":"asset-packs::Triggers","jsonSchema":{"type":"object","properties":{"value":{"type":"array","items":{"type":"object","properties":{"type":{"type":"string","enum":["on_click","on_state_change","on_spawn","on_tween_end","on_counter_change","on_player_enters_area","on_player_leaves_area","on_delay","on_loop","on_clone","on_click_image"],"default":"on_click","serializationType":"enum-string","enumObject":{"ON_CLICK":"on_click","ON_STATE_CHANGE":"on_state_change","ON_SPAWN":"on_spawn","ON_TWEEN_END":"on_tween_end","ON_COUNTER_CHANGE":"on_counter_change","ON_PLAYER_ENTERS_AREA":"on_player_enters_area","ON_PLAYER_LEAVES_AREA":"on_player_leaves_area","ON_DELAY":"on_delay","ON_LOOP":"on_loop","ON_CLONE":"on_clone","ON_CLICK_IMAGE":"on_click_image"}},"conditions":{"type":"array","serializationType":"optional","optionalJsonSchema":{"type":"array","items":{"type":"object","properties":{"id":{"type":"integer","serializationType":"optional","optionalJsonSchema":{"type":"integer","serializationType":"int32"}},"type":{"type":"string","enum":["when_state_is","when_state_is_not","when_counter_equals","when_counter_is_greater_than","when_counter_is_less_than"],"default":"when_state_is","serializationType":"enum-string","enumObject":{"WHEN_STATE_IS":"when_state_is","WHEN_STATE_IS_NOT":"when_state_is_not","WHEN_COUNTER_EQUALS":"when_counter_equals","WHEN_COUNTER_IS_GREATER_THAN":"when_counter_is_greater_than","WHEN_COUNTER_IS_LESS_THAN":"when_counter_is_less_than"}},"value":{"type":"string","serializationType":"utf8-string"}},"serializationType":"map"},"serializationType":"array"}},"operation":{"type":"string","serializationType":"optional","optionalJsonSchema":{"type":"string","enum":["and","or"],"default":"and","serializationType":"enum-string","enumObject":{"AND":"and","OR":"or"}}},"actions":{"type":"array","items":{"type":"object","properties":{"id":{"type":"integer","serializationType":"optional","optionalJsonSchema":{"type":"integer","serializationType":"int32"}},"name":{"type":"string","serializationType":"optional","optionalJsonSchema":{"type":"string","serializationType":"utf8-string"}}},"serializationType":"map"},"serializationType":"array"}},"serializationType":"map"},"serializationType":"array"}},"serializationType":"map"},"data":{"515":{"json":{"value":[{"type":"on_click","conditions":[],"actions":[{"id":18,"name":"Play Activate Animation"},{"id":18,"name":"Play Sound"},{"id":17,"name":"fono3"},{"id":18,"name":"musica_3"}]}]}},"517":{"json":{"value":[{"type":"on_click","conditions":[],"actions":[{"id":6,"name":"Play Activate Animation"},{"id":6,"name":"Play Sound"},{"id":16,"name":"fono1"},{"id":6,"name":"musica_1"}]},{"type":"on_click","conditions":[],"operation":"and","actions":[]}]}},"522":{"json":{"value":[{"type":"on_click","conditions":[],"actions":[{"id":13,"name":"Play Activate Animation"},{"id":13,"name":"Play Sound"},{"id":15,"name":"fono2"},{"id":13,"name":"musica2"}]}]}}}},{"name":"inspector::TransformConfig","jsonSchema":{"type":"object","properties":{"porportionalScaling":{"type":"boolean","serializationType":"optional","optionalJsonSchema":{"type":"boolean","serializationType":"boolean"}}},"serializationType":"map"},"data":{"512":{"json":{}},"513":{"json":{}},"515":{"json":{}},"517":{"json":{}},"518":{"json":{}},"522":{"json":{}},"523":{"json":{}},"524":{"json":{}},"526":{"json":{}}}}]},"mappings":{"bin/index.js":"bafybeiffufcmarofiexgmab76cqkiycaqsopfscuwz2hx7wxlwgwj5tguy","thumbnails/mv_01_base.png":"bafkreibvpjfzl4erp4nuzkf5mdhuau375xhwuksoiyc4q7jtak2d7e5gg4","thumbnails/mv_erba.png":"bafkreic222tvvrpjbflybzsbqqpvkzokf3vhinsc47cdqwv4vwwmai3hhq","assets/scene/mv_erba.glb":"bafkreiekfxk3lkefsqzq7sk6epnk5uia5davnoe4wfm75rl2rthomltzae","thumbnails/megafono_1.png":"bafkreibvpjfzl4erp4nuzkf5mdhuau375xhwuksoiyc4q7jtak2d7e5gg4","assets/builder/red_button/sound.mp3":"bafkreifzmhe2n6lslneawyejfdurlk43oiuqygt523fva7k46irgahlwza","assets/builder/red_button/red_button.glb":"bafkreifyshg3pkjwbmdlti7nunzlsfxf27hjryhfjpbhjmh2pnkyzmk6fu","thumbnails/megafono_a.png":"bafkreibvpjfzl4erp4nuzkf5mdhuau375xhwuksoiyc4q7jtak2d7e5gg4","thumbnails/megafono_2.png":"bafkreibvpjfzl4erp4nuzkf5mdhuau375xhwuksoiyc4q7jtak2d7e5gg4","assets/scene/voice-of-nature-20683.mp3":"bafybeihjmhahbrc2kfmgpzzw2cvcteefkk5b7s74erxujtvtwmklqvn5ii","assets/scene/inspiring-nature-technology-11488.mp3":"bafybeih5i32vjzbrxdrufr4ct2rs4lg6rhvja5cmx3dl4j5v3qajvzhuqa","assets/scene/megafono_1.glb":"bafybeiabzmmjghq4m4fttnkb6xyl53wipmb5mc63uhdxqpdh4lq4epdh4m","assets/scene/megafono_2.glb":"bafybeifyadepi56ai6v7ikpfyezwoxmfvfrsuqx2gxjp53ytuuxpf4nv34","thumbnails/megafono_3.png":"bafkreibvpjfzl4erp4nuzkf5mdhuau375xhwuksoiyc4q7jtak2d7e5gg4","assets/scene/megafono_3.glb":"bafybeihn2u6sg7gux6uotwcn2afmdwibwuvf2es3kk7wapi5dhrqts37me","assets/scene/emotional-inspiring-epic-trailer-11258.mp3":"bafybeidgdnqe5c66nos7wkhbn4i4xybzbqspe6qqqxs5d2qgwlcwhtpzla","thumbnails/luci.png":"bafkreibvpjfzl4erp4nuzkf5mdhuau375xhwuksoiyc4q7jtak2d7e5gg4","assets/scene/luci.glb":"bafkreifabrfuwsfhdczstdkrld7chjwxi52bhsutflfxou4d5xzrenwhwu","thumbnails/mv_01_base_2.png":"bafkreibvpjfzl4erp4nuzkf5mdhuau375xhwuksoiyc4q7jtak2d7e5gg4","assets/scene/mv_01_base_3.glb":"bafybeiaft52cnownw7sabvmtr6vq6qx2o4nvwjoy6g6v5sxeys2lyjr7me","thumbnails/mv_01_base_3.png":"bafkreibvpjfzl4erp4nuzkf5mdhuau375xhwuksoiyc4q7jtak2d7e5gg4"},"metadata":{"display":{"title":"Music Village","description":"","navmapThumbnail":"assets/scene/thumbnail.png"},"scene":{"parcels":["0,0","0,1","1,0","1,1"],"base":"0,0"},"contact":{"name":"","email":""},"tags":[],"spawnPoints":[],"featureToggles":{"voiceChat":"enabled","portableExperiences":"enabled"}}}}}