{"contact":{"name":"0x0432e477df6025ce0c30eced1d635355e73c31aa","email":""},"default":{"display":{"title":"interactive-text","favicon":"favicon_asset"},"owner":"","contact":{"name":"0x0432e477df6025ce0c30eced1d635355e73c31aa","email":""},"main":"bin/game.js","tags":[],"scene":{"parcels":["0,0"],"base":"0,0"},"communications":{"type":"webrtc","signalling":"https://signalling-01.decentraland.org"},"policy":{"contentRating":"E","fly":true,"voiceEnabled":true,"blacklist":[],"teleportPosition":""}},"display":{"title":"Music Village","favicon":"favicon_asset","description":"","navmapThumbnail":"scene-thumbnail.png"},"main":"bin/index.js","owner":"","scene":{"parcels":["0,0","0,1","1,0","1,1"],"base":"0,0"},"tags":[],"source":{"version":1,"origin":"builder","projectId":"8bede506-3b96-4036-918d-c10fcedea1d5","point":{"x":0,"y":0},"rotation":"east","layout":{"rows":2,"cols":2}},"allowedMediaHostnames":[],"ecs7":true,"runtimeVersion":"7"}